{
"hidden_packages":[],
"publish_path":{
"qf88jb5n":"D:\\FairyGUI-unity-pkg\\Assets\\FairyGUI\\Examples\\Resources\\UI",
"ezq9a8mh":"D:\\FairyGUI-unity-pkg\\Assets\\FairyGUI\\Examples\\Resources\\UI",
"q3l7vvj0":"D:\\FairyGUI-unity-pkg\\Assets\\FairyGUI\\Examples\\Resources\\UI",
"y768eypa":"D:\\FairyGUI-unity-store\\Assets\\FairyGUI\\Examples\\Resources\\UI",
"i1i2ucwo":"D:\\FairyGUI-unity-store\\Assets\\FairyGUI\\Examples\\Resources\\UI",
"evxk1eek":"D:\\FairyGUI-unity-pkg\\Assets\\FairyGUI\\Examples\\Resources\\UI",
"9fb2r88o":"D:\\FairyGUI-unity-pkg\\Assets\\FairyGUI\\Examples\\Resources\\UI",
"rbw1tc9t":"D:\\FairyGUI-unity-pkg\\Assets\\FairyGUI\\Examples\\Resources\\UI",
"2mabf2jp":"D:\\FairyGUI-unity-pkg\\Assets\\FairyGUI\\Examples\\Resources\\UI",
"g6qoonuh":"D:\\FairyGUI-unity-pkg\\Assets\\FairyGUI\\Examples\\Resources\\UI",
"qnypfqdk":"D:\\FairyGUI-unity-pkg\\Assets\\FairyGUI\\Examples\\Resources\\UI",
"qkteqwfp":"D:\\FairyGUI-unity-pkg\\Assets\\FairyGUI\\Examples\\Resources\\UI",
"rbw1tv9t":"D:\\FairyGUI-unity-pkg\\Assets\\FairyGUI\\Examples\\Resources\\UI",
"9leh0eyf":"D:\\FairyGUI-unity-pkg\\Assets\\FairyGUI\\Examples\\Resources\\UI"
}
,
"docs":["9leh0eyf","c2z47l","9leh0eyf","atih7o","rbw1tv9t","jlmg7","qkteqwfp","c8s20","qf88jb5n","rpol0","q3l7vvj0","rpol0","q3l7vvj0","rpol4","ezq9a8mh","d7yq0"],
"expanded_nodes":["ezq9a8mh",""],
"active_doc":["ezq9a8mh","d7yq0"]
}
